{
  "n_values": [
    50,
    100,
    200,
    300,
    500,
    750,
    1000,
    1500,
    2000,
    2500,
    3000
  ],
  "avg_decrease_keys": [
    174.76666666666668,
    415.03333333333336,
    982.2666666666667,
    1583.6333333333334,
    2893.5,
    4652.3,
    6492.466666666666,
    10320.866666666667,
    14386.966666666667,
    18492.8,
    22727.933333333334
  ],
  "std_decrease_keys": [
    9.02102482475738,
    17.73035689306776,
    21.98625833459517,
    36.17317913715753,
    50.470948739514164,
    49.98209679475242,
    70.47918526455564,
    61.877154283485126,
    108.27572314338163,
    125.69709622739899,
    130.3369820461134
  ],
  "min_decrease_keys": [
    152,
    376,
    942,
    1527,
    2798,
    4518,
    6326,
    10222,
    14143,
    18259,
    22432
  ],
  "max_decrease_keys": [
    191,
    449,
    1024,
    1676,
    2990,
    4753,
    6609,
    10444,
    14606,
    18761,
    22993
  ],
  "worst_case": [
    2450,
    9900,
    39800,
    89700,
    249500,
    561750,
    999000,
    2248500,
    3998000,
    6247500,
    8997000
  ],
  "all_trials": [
    [
      188,
      191,
      178,
      152,
      173,
      170,
      172,
      166,
      174,
      174,
      165,
      174,
      173,
      173,
      175,
      182,
      162,
      170,
      176,
      172,
      176,
      173,
      179,
      176,
      183,
      159,
      188,
      169,
      190,
      190
    ],
    [
      438,
      376,
      416,
      417,
      434,
      393,
      421,
      430,
      397,
      410,
      417,
      445,
      389,
      421,
      420,
      425,
      409,
      418,
      417,
      417,
      416,
      420,
      432,
      385,
      392,
      449,
      416,
      399,
      394,
      438
    ],
    [
      995,
      998,
      955,
      958,
      1005,
      979,
      977,
      943,
      982,
      960,
      960,
      1003,
      944,
      1013,
      1000,
      986,
      983,
      1024,
      1001,
      986,
      983,
      951,
      992,
      1006,
      967,
      991,
      993,
      1009,
      982,
      942
    ],
    [
      1614,
      1557,
      1642,
      1581,
      1619,
      1545,
      1579,
      1584,
      1564,
      1583,
      1601,
      1607,
      1552,
      1599,
      1567,
      1598,
      1627,
      1556,
      1620,
      1532,
      1529,
      1560,
      1577,
      1534,
      1640,
      1556,
      1676,
      1590,
      1527,
      1593
    ],
    [
      2960,
      2821,
      2969,
      2857,
      2885,
      2848,
      2881,
      2887,
      2930,
      2884,
      2958,
      2926,
      2833,
      2847,
      2798,
      2933,
      2847,
      2940,
      2915,
      2874,
      2948,
      2856,
      2969,
      2990,
      2880,
      2910,
      2913,
      2815,
      2842,
      2889
    ],
    [
      4675,
      4736,
      4708,
      4564,
      4631,
      4663,
      4647,
      4602,
      4647,
      4694,
      4682,
      4620,
      4565,
      4753,
      4691,
      4618,
      4518,
      4669,
      4684,
      4589,
      4641,
      4675,
      4690,
      4625,
      4629,
      4669,
      4683,
      4648,
      4667,
      4686
    ],
    [
      6395,
      6505,
      6475,
      6338,
      6485,
      6571,
      6469,
      6514,
      6576,
      6509,
      6484,
      6455,
      6326,
      6474,
      6466,
      6420,
      6582,
      6488,
      6437,
      6478,
      6609,
      6576,
      6546,
      6523,
      6437,
      6549,
      6586,
      6592,
      6484,
      6425
    ],
    [
      10350,
      10234,
      10248,
      10348,
      10266,
      10363,
      10273,
      10240,
      10444,
      10345,
      10399,
      10298,
      10404,
      10243,
      10274,
      10371,
      10350,
      10405,
      10351,
      10235,
      10309,
      10222,
      10357,
      10328,
      10263,
      10374,
      10364,
      10237,
      10376,
      10355
    ],
    [
      14416,
      14329,
      14143,
      14535,
      14419,
      14325,
      14323,
      14341,
      14316,
      14508,
      14606,
      14309,
      14216,
      14461,
      14467,
      14402,
      14344,
      14536,
      14369,
      14369,
      14579,
      14362,
      14289,
      14240,
      14359,
      14556,
      14439,
      14268,
      14403,
      14380
    ],
    [
      18590,
      18315,
      18533,
      18604,
      18712,
      18516,
      18692,
      18326,
      18580,
      18467,
      18521,
      18578,
      18519,
      18559,
      18542,
      18761,
      18543,
      18400,
      18414,
      18461,
      18287,
      18517,
      18402,
      18598,
      18519,
      18293,
      18259,
      18352,
      18531,
      18393
    ],
    [
      22628,
      22564,
      22871,
      22862,
      22621,
      22702,
      22754,
      22664,
      22866,
      22951,
      22692,
      22740,
      22580,
      22677,
      22615,
      22537,
      22927,
      22849,
      22736,
      22775,
      22575,
      22736,
      22782,
      22798,
      22993,
      22764,
      22432,
      22744,
      22813,
      22590
    ]
  ]
}